X,Y,track_fid,track_seg_id,track_seg_point_id,ele,time,magvar,geoidheight,name,cmt,desc,src,link1_href,link1_text,link1_type,link2_href,link2_text,link2_type,sym,type,fix,sat,hdop,vdop,pdop,ageofdgpsdata,dgpsid
-3.153698,47.347058,0,0,0,9,2023/05/18 19:57:00+02,,,,,,,,,,,,,,,,,,,,,
-3.154249,47.347018,0,0,1,10,,,,,,,,,,,,,,,,,,,,,,
-3.154872,47.347015,0,0,2,8,,,,,,,,,,,,,,,,,,,,,,
-3.155698,47.347168,0,0,3,10,,,,,,,,,,,,,,,,,,,,,,
-3.15628,47.347245,0,0,4,10,,,,,,,,,,,,,,,,,,,,,,
-3.156891,47.347524,0,0,5,8,,,,,,,,,,,,,,,,,,,,,,
-3.157024,47.347807,0,0,6,7,,,,,,,,,,,,,,,,,,,,,,
-3.157132,47.347891,0,0,7,7,,,,,,,,,,,,,,,,,,,,,,
-3.157245,47.34794,0,0,8,7,,,,,,,,,,,,,,,,,,,,,,
-3.157156,47.348085,0,0,9,6,,,,,,,,,,,,,,,,,,,,,,
-3.157214,47.348274,0,0,10,6,,,,,,,,,,,,,,,,,,,,,,
-3.156908,47.348562,0,0,11,10,,,,,,,,,,,,,,,,,,,,,,
-3.156537,47.348476,0,0,12,11,,,,,,,,,,,,,,,,,,,,,,
-3.156147,47.348332,0,0,13,10,,,,,,,,,,,,,,,,,,,,,,
-3.155655,47.349212,0,0,14,25,,,,,,,,,,,,,,,,,,,,,,
-3.155936,47.349718,0,0,15,27,,,,,,,,,,,,,,,,,,,,,,
-3.155359,47.349858,0,0,16,28,,,,,,,,,,,,,,,,,,,,,,
-3.154778,47.35001,0,0,17,26,,,,,,,,,,,,,,,,,,,,,,
-3.154917,47.350177,0,0,18,26,,,,,,,,,,,,,,,,,,,,,,
-3.154901,47.350381,0,0,19,26,,,,,,,,,,,,,,,,,,,,,,
-3.154836,47.350666,0,0,20,25,,,,,,,,,,,,,,,,,,,,,,
-3.154597,47.35088,0,0,21,22,,,,,,,,,,,,,,,,,,,,,,
-3.154669,47.351008,0,0,22,23,,,,,,,,,,,,,,,,,,,,,,
-3.154486,47.351171,0,0,23,21,,,,,,,,,,,,,,,,,,,,,,
-3.154359,47.351363,0,0,24,19,,,,,,,,,,,,,,,,,,,,,,
-3.154142,47.351755,0,0,25,14,,,,,,,,,,,,,,,,,,,,,,
-3.154234,47.351914,0,0,26,16,,,,,,,,,,,,,,,,,,,,,,
-3.154428,47.352025,0,0,27,19,,,,,,,,,,,,,,,,,,,,,,
-3.154566,47.352219,0,0,28,21,,,,,,,,,,,,,,,,,,,,,,
-3.154636,47.352467,0,0,29,23,,,,,,,,,,,,,,,,,,,,,,
-3.154601,47.352718,0,0,30,22,,,,,,,,,,,,,,,,,,,,,,
-3.154787,47.35295,0,0,31,25,,,,,,,,,,,,,,,,,,,,,,
-3.154859,47.353138,0,0,32,25,,,,,,,,,,,,,,,,,,,,,,
-3.154853,47.353306,0,0,33,25,,,,,,,,,,,,,,,,,,,,,,
-3.154701,47.353464,0,0,34,22,,,,,,,,,,,,,,,,,,,,,,
-3.154604,47.353656,0,0,35,20,,,,,,,,,,,,,,,,,,,,,,
-3.154372,47.353684,0,0,36,17,,,,,,,,,,,,,,,,,,,,,,
-3.154228,47.353589,0,0,37,15,,,,,,,,,,,,,,,,,,,,,,
-3.15414,47.353712,0,0,38,13,,,,,,,,,,,,,,,,,,,,,,
-3.154186,47.353851,0,0,39,13,,,,,,,,,,,,,,,,,,,,,,
-3.154475,47.353983,0,0,40,17,,,,,,,,,,,,,,,,,,,,,,
-3.154631,47.354118,0,0,41,19,,,,,,,,,,,,,,,,,,,,,,
-3.154715,47.354176,0,0,42,20,,,,,,,,,,,,,,,,,,,,,,
-3.154731,47.354292,0,0,43,20,,,,,,,,,,,,,,,,,,,,,,
-3.154936,47.354393,0,0,44,22,,,,,,,,,,,,,,,,,,,,,,
-3.155136,47.354555,0,0,45,24,,,,,,,,,,,,,,,,,,,,,,
-3.154998,47.354997,0,0,46,19,,,,,,,,,,,,,,,,,,,,,,
-3.154989,47.355118,0,0,47,16,,,,,,,,,,,,,,,,,,,,,,
-3.155117,47.355122,0,0,48,18,,,,,,,,,,,,,,,,,,,,,,
-3.155197,47.355254,0,0,49,17,,,,,,,,,,,,,,,,,,,,,,
-3.155377,47.355365,0,0,50,18,,,,,,,,,,,,,,,,,,,,,,
-3.155646,47.355568,0,0,51,21,,,,,,,,,,,,,,,,,,,,,,
-3.15567,47.355729,0,0,52,20,,,,,,,,,,,,,,,,,,,,,,
-3.155947,47.355924,0,0,53,22,,,,,,,,,,,,,,,,,,,,,,
-3.15556,47.356182,0,0,54,9,,,,,,,,,,,,,,,,,,,,,,
-3.156023,47.356367,0,0,55,12,,,,,,,,,,,,,,,,,,,,,,
-3.156432,47.356641,0,0,56,17,,,,,,,,,,,,,,,,,,,,,,
-3.156841,47.356915,0,0,57,21,,,,,,,,,,,,,,,,,,,,,,
-3.157102,47.35735,0,0,58,17,,,,,,,,,,,,,,,,,,,,,,
-3.156976,47.357666,0,0,59,15,,,,,,,,,,,,,,,,,,,,,,
-3.157031,47.357793,0,0,60,17,,,,,,,,,,,,,,,,,,,,,,
-3.156811,47.357904,0,0,61,15,,,,,,,,,,,,,,,,,,,,,,
-3.15695,47.358032,0,0,62,18,,,,,,,,,,,,,,,,,,,,,,
-3.158007,47.357882,0,0,63,24,,,,,,,,,,,,,,,,,,,,,,
-3.158832,47.358097,0,0,64,29,2023/05/18 19:56:52+02,,,,,,,,,,,,,,,,,,,,,
-3.158563,47.3583,0,0,65,30,2023/05/18 19:55:34+02,,,,,,,,,,,,,,,,,,,,,
-3.158776,47.358381,0,0,66,31,2023/05/18 19:55:16+02,,,,,,,,,,,,,,,,,,,,,
-3.158523,47.35854,0,0,67,31,2023/05/18 19:54:57+02,,,,,,,,,,,,,,,,,,,,,
-3.158236,47.358669,0,0,68,31,2023/05/18 19:54:39+02,,,,,,,,,,,,,,,,,,,,,
-3.157985,47.358816,0,0,69,31,2023/05/18 19:54:21+02,,,,,,,,,,,,,,,,,,,,,
-3.157683,47.358934,0,0,70,32,2023/05/18 19:54:08+02,,,,,,,,,,,,,,,,,,,,,
-3.15743,47.35911,0,0,71,33,2023/05/18 19:53:56+02,,,,,,,,,,,,,,,,,,,,,
-3.157238,47.359295,0,0,72,30,2023/05/18 19:53:38+02,,,,,,,,,,,,,,,,,,,,,
-3.157194,47.359524,0,0,73,29,2023/05/18 19:53:19+02,,,,,,,,,,,,,,,,,,,,,
-3.157213,47.359759,0,0,74,28,2023/05/18 19:52:58+02,,,,,,,,,,,,,,,,,,,,,
-3.157273,47.359982,0,0,75,28,2023/05/18 19:52:41+02,,,,,,,,,,,,,,,,,,,,,
-3.157285,47.360216,0,0,76,27,2023/05/18 19:52:22+02,,,,,,,,,,,,,,,,,,,,,
-3.157345,47.360437,0,0,77,28,2023/05/18 19:52:04+02,,,,,,,,,,,,,,,,,,,,,
-3.157383,47.36067,0,0,78,28,2023/05/18 19:51:42+02,,,,,,,,,,,,,,,,,,,,,
-3.157406,47.360905,0,0,79,28,2023/05/18 19:51:08+02,,,,,,,,,,,,,,,,,,,,,
-3.15749,47.36113,0,0,80,28,2023/05/18 19:49:04+02,,,,,,,,,,,,,,,,,,,,,
-3.15753,47.361362,0,0,81,27,2023/05/18 19:48:44+02,,,,,,,,,,,,,,,,,,,,,
-3.157575,47.36159,0,0,82,26,2023/05/18 19:48:35+02,,,,,,,,,,,,,,,,,,,,,
-3.157575,47.36159,0,0,83,26,2023/05/18 19:48:26+02,,,,,,,,,,,,,,,,,,,,,
-3.157248,47.361642,0,0,84,25,2023/05/18 19:47:51+02,,,,,,,,,,,,,,,,,,,,,
-3.156988,47.361494,0,0,85,24,2023/05/18 19:47:28+02,,,,,,,,,,,,,,,,,,,,,
-3.156716,47.361357,0,0,86,22,2023/05/18 19:46:45+02,,,,,,,,,,,,,,,,,,,,,
-3.156515,47.361294,0,0,87,19,,,,,,,,,,,,,,,,,,,,,,
-3.156301,47.361233,0,0,88,14,2023/05/18 19:46:24+02,,,,,,,,,,,,,,,,,,,,,
-3.156176,47.36121,0,0,89,11,,,,,,,,,,,,,,,,,,,,,,
-3.156057,47.36125,0,0,90,9,2023/05/18 19:45:57+02,,,,,,,,,,,,,,,,,,,,,
-3.155835,47.361505,0,0,91,7,2023/05/18 19:45:39+02,,,,,,,,,,,,,,,,,,,,,
-3.155879,47.361631,0,0,92,9,,,,,,,,,,,,,,,,,,,,,,
-3.155985,47.361719,0,0,93,11,2023/05/18 19:45:23+02,,,,,,,,,,,,,,,,,,,,,
-3.15627,47.361851,0,0,94,16,2023/05/18 19:44:52+02,,,,,,,,,,,,,,,,,,,,,
-3.156465,47.362047,0,0,95,18,2023/05/18 19:44:30+02,,,,,,,,,,,,,,,,,,,,,
-3.156521,47.362269,0,0,96,18,2023/05/18 19:44:15+02,,,,,,,,,,,,,,,,,,,,,
-3.156421,47.362484,0,0,97,16,2023/05/18 19:43:55+02,,,,,,,,,,,,,,,,,,,,,
-3.156464,47.36258,0,0,98,16,,,,,,,,,,,,,,,,,,,,,,
-3.15632,47.362714,0,0,99,12,2023/05/18 19:43:35+02,,,,,,,,,,,,,,,,,,,,,
-3.156367,47.362822,0,0,100,12,,,,,,,,,,,,,,,,,,,,,,
-3.156531,47.362879,0,0,101,14,2023/05/18 19:43:16+02,,,,,,,,,,,,,,,,,,,,,
-3.156771,47.362985,0,0,102,16,,,,,,,,,,,,,,,,,,,,,,
-3.156911,47.363204,0,0,103,16,2023/05/18 19:42:43+02,,,,,,,,,,,,,,,,,,,,,
-3.156975,47.363426,0,0,104,14,2023/05/18 19:42:26+02,,,,,,,,,,,,,,,,,,,,,
-3.15722,47.363587,0,0,105,15,2023/05/18 19:42:10+02,,,,,,,,,,,,,,,,,,,,,
-3.157394,47.363794,0,0,106,14,2023/05/18 19:41:45+02,,,,,,,,,,,,,,,,,,,,,
-3.157521,47.363585,0,0,107,19,2023/05/18 19:41:26+02,,,,,,,,,,,,,,,,,,,,,
-3.157631,47.363369,0,0,108,23,2023/05/18 19:40:18+02,,,,,,,,,,,,,,,,,,,,,
-3.157951,47.363447,0,0,109,22,2023/05/18 19:39:55+02,,,,,,,,,,,,,,,,,,,,,
-3.158285,47.363509,0,0,110,22,2023/05/18 19:39:36+02,,,,,,,,,,,,,,,,,,,,,
-3.15861,47.363565,0,0,111,18,2023/05/18 19:38:36+02,,,,,,,,,,,,,,,,,,,,,
-3.158951,47.36355,0,0,112,15,2023/05/18 19:38:16+02,,,,,,,,,,,,,,,,,,,,,
-3.159286,47.363592,0,0,113,12,2023/05/18 19:37:54+02,,,,,,,,,,,,,,,,,,,,,
-3.159615,47.363525,0,0,114,9,2023/05/18 19:37:32+02,,,,,,,,,,,,,,,,,,,,,
-3.159284,47.363134,0,0,115,15,2023/05/18 19:36:36+02,,,,,,,,,,,,,,,,,,,,,
-3.159123,47.362934,0,0,116,17,2023/05/18 19:36:18+02,,,,,,,,,,,,,,,,,,,,,
-3.158896,47.362752,0,0,117,19,2023/05/18 19:36:00+02,,,,,,,,,,,,,,,,,,,,,
-3.15874,47.362587,0,0,118,21,,,,,,,,,,,,,,,,,,,,,,
-3.158873,47.362488,0,0,119,19,2023/05/18 19:34:08+02,,,,,,,,,,,,,,,,,,,,,
-3.159136,47.362352,0,0,120,18,2023/05/18 19:33:45+02,,,,,,,,,,,,,,,,,,,,,
-3.159433,47.362235,0,0,121,17,2023/05/18 19:33:27+02,,,,,,,,,,,,,,,,,,,,,
-3.159543,47.362151,0,0,122,17,,,,,,,,,,,,,,,,,,,,,,
-3.159739,47.362097,0,0,123,17,2023/05/18 19:33:10+02,,,,,,,,,,,,,,,,,,,,,
-3.160095,47.362145,0,0,124,14,2023/05/18 19:32:52+02,,,,,,,,,,,,,,,,,,,,,
-3.160433,47.362114,0,0,125,13,2023/05/18 19:32:31+02,,,,,,,,,,,,,,,,,,,,,
-3.160568,47.362037,0,0,126,14,,,,,,,,,,,,,,,,,,,,,,
-3.160746,47.362039,0,0,127,13,2023/05/18 19:32:10+02,,,,,,,,,,,,,,,,,,,,,
-3.161073,47.361995,0,0,128,13,2023/05/18 19:31:46+02,,,,,,,,,,,,,,,,,,,,,
-3.161149,47.361894,0,0,129,15,,,,,,,,,,,,,,,,,,,,,,
-3.161233,47.361918,0,0,130,14,,,,,,,,,,,,,,,,,,,,,,
-3.161335,47.361851,0,0,131,16,2023/05/18 19:31:05+02,,,,,,,,,,,,,,,,,,,,,
-3.161393,47.361792,0,0,132,17,,,,,,,,,,,,,,,,,,,,,,
-3.161512,47.361778,0,0,133,17,,,,,,,,,,,,,,,,,,,,,,
-3.161679,47.361844,0,0,134,16,2023/05/18 19:30:40+02,,,,,,,,,,,,,,,,,,,,,
-3.161992,47.361824,0,0,135,15,2023/05/18 19:30:03+02,,,,,,,,,,,,,,,,,,,,,
-3.162326,47.3618,0,0,136,15,2023/05/18 19:29:43+02,,,,,,,,,,,,,,,,,,,,,
-3.162633,47.361697,0,0,137,16,2023/05/18 19:28:35+02,,,,,,,,,,,,,,,,,,,,,
-3.162784,47.361637,0,0,138,16,,,,,,,,,,,,,,,,,,,,,,
-3.16291,47.361677,0,0,139,15,2023/05/18 19:28:13+02,,,,,,,,,,,,,,,,,,,,,
-3.163148,47.361514,0,0,140,15,2023/05/18 19:27:20+02,,,,,,,,,,,,,,,,,,,,,
-3.163486,47.361492,0,0,141,15,2023/05/18 19:26:48+02,,,,,,,,,,,,,,,,,,,,,
-3.163762,47.361355,0,0,142,16,2023/05/18 19:26:24+02,,,,,,,,,,,,,,,,,,,,,
-3.163921,47.361457,0,0,143,15,,,,,,,,,,,,,,,,,,,,,,
-3.164118,47.361517,0,0,144,15,2023/05/18 19:25:51+02,,,,,,,,,,,,,,,,,,,,,
-3.164287,47.361501,0,0,145,16,,,,,,,,,,,,,,,,,,,,,,
-3.164455,47.361564,0,0,146,16,2023/05/18 19:25:30+02,,,,,,,,,,,,,,,,,,,,,
-3.164753,47.361674,0,0,147,17,2023/05/18 19:25:13+02,,,,,,,,,,,,,,,,,,,,,
-3.16494,47.361671,0,0,148,18,,,,,,,,,,,,,,,,,,,,,,
-3.165108,47.361716,0,0,149,18,2023/05/18 19:24:56+02,,,,,,,,,,,,,,,,,,,,,
-3.165418,47.361755,0,0,150,17,2023/05/18 19:24:39+02,,,,,,,,,,,,,,,,,,,,,
-3.166026,47.361937,0,0,151,12,2023/05/18 19:23:09+02,,,,,,,,,,,,,,,,,,,,,
-3.16636,47.361987,0,0,152,11,2023/05/18 19:22:47+02,,,,,,,,,,,,,,,,,,,,,
-3.166538,47.36201,0,0,153,10,,,,,,,,,,,,,,,,,,,,,,
-3.166691,47.361945,0,0,154,11,2023/05/18 19:22:26+02,,,,,,,,,,,,,,,,,,,,,
-3.166939,47.361789,0,0,155,12,2023/05/18 19:22:08+02,,,,,,,,,,,,,,,,,,,,,
-3.167088,47.361592,0,0,156,14,2023/05/18 19:21:43+02,,,,,,,,,,,,,,,,,,,,,
-3.167274,47.361577,0,0,157,13,,,,,,,,,,,,,,,,,,,,,,
-3.167453,47.361499,0,0,158,13,2023/05/18 19:21:22+02,,,,,,,,,,,,,,,,,,,,,
-3.167553,47.361397,0,0,159,14,,,,,,,,,,,,,,,,,,,,,,
-3.167668,47.361358,0,0,160,15,,,,,,,,,,,,,,,,,,,,,,
-3.167758,47.361407,0,0,161,14,2023/05/18 19:20:59+02,,,,,,,,,,,,,,,,,,,,,
-3.167843,47.361515,0,0,162,13,,,,,,,,,,,,,,,,,,,,,,
-3.16799,47.361572,0,0,163,12,2023/05/18 19:20:30+02,,,,,,,,,,,,,,,,,,,,,
-3.16831,47.361588,0,0,164,12,2023/05/18 19:20:12+02,,,,,,,,,,,,,,,,,,,,,
-3.168651,47.36153,0,0,165,13,2023/05/18 19:19:54+02,,,,,,,,,,,,,,,,,,,,,
-3.169066,47.361446,0,0,166,15,2023/05/18 19:19:36+02,,,,,,,,,,,,,,,,,,,,,
-3.169646,47.36151,0,0,167,11,2023/05/18 19:18:57+02,,,,,,,,,,,,,,,,,,,,,
-3.169986,47.361462,0,0,168,10,2023/05/18 19:18:39+02,,,,,,,,,,,,,,,,,,,,,
-3.170485,47.361162,0,0,169,10,2023/05/18 19:17:59+02,,,,,,,,,,,,,,,,,,,,,
-3.170438,47.360929,0,0,170,14,2023/05/18 19:17:28+02,,,,,,,,,,,,,,,,,,,,,
-3.17059,47.360727,0,0,171,15,2023/05/18 19:17:06+02,,,,,,,,,,,,,,,,,,,,,
-3.170913,47.360646,0,0,172,13,2023/05/18 19:16:45+02,,,,,,,,,,,,,,,,,,,,,
-3.171093,47.360624,0,0,173,12,,,,,,,,,,,,,,,,,,,,,,
-3.171193,47.360522,0,0,174,13,2023/05/18 19:14:21+02,,,,,,,,,,,,,,,,,,,,,
-3.17137,47.360329,0,0,175,13,2023/05/18 19:13:54+02,,,,,,,,,,,,,,,,,,,,,
-3.171489,47.360354,0,0,176,12,,,,,,,,,,,,,,,,,,,,,,
-3.171642,47.360254,0,0,177,11,2023/05/18 19:13:23+02,,,,,,,,,,,,,,,,,,,,,
-3.171727,47.360126,0,0,178,11,,,,,,,,,,,,,,,,,,,,,,
-3.171826,47.360049,0,0,179,11,2023/05/18 19:13:00+02,,,,,,,,,,,,,,,,,,,,,
-3.172093,47.359892,0,0,180,10,2023/05/18 19:12:39+02,,,,,,,,,,,,,,,,,,,,,
-3.172343,47.359738,0,0,181,8,,,,,,,,,,,,,,,,,,,,,,
-3.17247,47.359514,0,0,182,8,2023/05/18 19:11:57+02,,,,,,,,,,,,,,,,,,,,,
-3.172973,47.35938,0,0,183,9,2023/05/18 19:11:16+02,,,,,,,,,,,,,,,,,,,,,
-3.173313,47.359414,0,0,184,9,2023/05/18 19:10:58+02,,,,,,,,,,,,,,,,,,,,,
-3.173643,47.359412,0,0,185,12,2023/05/18 19:10:33+02,,,,,,,,,,,,,,,,,,,,,
-3.174044,47.359398,0,0,186,17,2023/05/18 19:09:53+02,,,,,,,,,,,,,,,,,,,,,
-3.174427,47.359429,0,0,187,20,2023/05/18 19:09:13+02,,,,,,,,,,,,,,,,,,,,,
-3.174566,47.35952,0,0,188,21,,,,,,,,,,,,,,,,,,,,,,
-3.174538,47.359674,0,0,189,20,2023/05/18 19:08:46+02,,,,,,,,,,,,,,,,,,,,,
-3.174538,47.359899,0,0,190,20,2023/05/18 19:08:27+02,,,,,,,,,,,,,,,,,,,,,
-3.174431,47.360132,0,0,191,19,2023/05/18 19:08:04+02,,,,,,,,,,,,,,,,,,,,,
-3.174386,47.360365,0,0,192,20,2023/05/18 19:07:22+02,,,,,,,,,,,,,,,,,,,,,
-3.174329,47.360587,0,0,193,20,2023/05/18 19:07:02+02,,,,,,,,,,,,,,,,,,,,,
-3.174255,47.360817,0,0,194,21,2023/05/18 19:06:40+02,,,,,,,,,,,,,,,,,,,,,
-3.174115,47.361026,0,0,195,19,2023/05/18 19:06:16+02,,,,,,,,,,,,,,,,,,,,,
-3.174098,47.361265,0,0,196,17,2023/05/18 19:05:54+02,,,,,,,,,,,,,,,,,,,,,
-3.174064,47.361495,0,0,197,15,2023/05/18 19:04:56+02,,,,,,,,,,,,,,,,,,,,,
-3.174336,47.361629,0,0,198,15,2023/05/18 19:04:28+02,,,,,,,,,,,,,,,,,,,,,
-3.174655,47.361725,0,0,199,17,2023/05/18 19:04:06+02,,,,,,,,,,,,,,,,,,,,,
-3.175255,47.361914,0,0,200,18,2023/05/18 19:03:19+02,,,,,,,,,,,,,,,,,,,,,
-3.175189,47.362137,0,0,201,14,2023/05/18 19:02:58+02,,,,,,,,,,,,,,,,,,,,,
-3.175332,47.362342,0,0,202,12,2023/05/18 19:02:39+02,,,,,,,,,,,,,,,,,,,,,
-3.175581,47.36246,0,0,203,13,2023/05/18 19:02:09+02,,,,,,,,,,,,,,,,,,,,,
-3.175774,47.362451,0,0,204,16,,,,,,,,,,,,,,,,,,,,,,
-3.175899,47.36238,0,0,205,18,2023/05/18 19:01:48+02,,,,,,,,,,,,,,,,,,,,,
-3.17624,47.36244,0,0,206,20,2023/05/18 19:01:31+02,,,,,,,,,,,,,,,,,,,,,
-3.176555,47.362535,0,0,207,20,2023/05/18 19:01:12+02,,,,,,,,,,,,,,,,,,,,,
-3.176884,47.362485,0,0,208,23,2023/05/18 19:00:48+02,,,,,,,,,,,,,,,,,,,,,
-3.177213,47.362522,0,0,209,24,2023/05/18 19:00:17+02,,,,,,,,,,,,,,,,,,,,,
-3.177553,47.362472,0,0,210,26,2023/05/18 18:59:57+02,,,,,,,,,,,,,,,,,,,,,
-3.17788,47.362529,0,0,211,26,2023/05/18 18:59:18+02,,,,,,,,,,,,,,,,,,,,,
-3.177854,47.362754,0,0,212,20,2023/05/18 18:58:59+02,,,,,,,,,,,,,,,,,,,,,
-3.177941,47.362982,0,0,213,15,2023/05/18 18:58:38+02,,,,,,,,,,,,,,,,,,,,,
-3.178406,47.363302,0,0,214,15,2023/05/18 18:58:01+02,,,,,,,,,,,,,,,,,,,,,
-3.178714,47.363409,0,0,215,17,2023/05/18 18:57:41+02,,,,,,,,,,,,,,,,,,,,,
-3.179041,47.363464,0,0,216,20,2023/05/18 18:57:23+02,,,,,,,,,,,,,,,,,,,,,
-3.179439,47.36345,0,0,217,23,,,,,,,,,,,,,,,,,,,,,,
-3.179621,47.363637,0,0,218,18,2023/05/18 18:56:42+02,,,,,,,,,,,,,,,,,,,,,
-3.179938,47.36372,0,0,219,17,2023/05/18 18:56:25+02,,,,,,,,,,,,,,,,,,,,,
-3.180255,47.363804,0,0,220,16,2023/05/18 18:56:07+02,,,,,,,,,,,,,,,,,,,,,
-3.180605,47.363832,0,0,221,16,2023/05/18 18:55:47+02,,,,,,,,,,,,,,,,,,,,,
-3.180948,47.363842,0,0,222,16,2023/05/18 18:55:31+02,,,,,,,,,,,,,,,,,,,,,
-3.18128,47.363829,0,0,223,15,2023/05/18 18:55:13+02,,,,,,,,,,,,,,,,,,,,,
-3.181926,47.363722,0,0,224,13,2023/05/18 18:53:35+02,,,,,,,,,,,,,,,,,,,,,
-3.182101,47.363529,0,0,225,14,2023/05/18 18:53:12+02,,,,,,,,,,,,,,,,,,,,,
-3.182375,47.363406,0,0,226,13,,,,,,,,,,,,,,,,,,,,,,
-3.182485,47.363453,0,0,227,11,2023/05/18 18:52:38+02,,,,,,,,,,,,,,,,,,,,,
-3.182987,47.363684,0,0,228,12,2023/05/18 18:51:27+02,,,,,,,,,,,,,,,,,,,,,
-3.183178,47.363707,0,0,229,14,,,,,,,,,,,,,,,,,,,,,,
-3.183295,47.363637,0,0,230,16,2023/05/18 18:50:58+02,,,,,,,,,,,,,,,,,,,,,
-3.183435,47.363547,0,0,231,19,,,,,,,,,,,,,,,,,,,,,,
-3.183629,47.363528,0,0,232,21,2023/05/18 18:50:34+02,,,,,,,,,,,,,,,,,,,,,
-3.183963,47.363601,0,0,233,22,2023/05/18 18:50:14+02,,,,,,,,,,,,,,,,,,,,,
-3.184571,47.363769,0,0,234,21,2023/05/18 18:49:33+02,,,,,,,,,,,,,,,,,,,,,
-3.184908,47.36378,0,0,235,22,2023/05/18 18:49:13+02,,,,,,,,,,,,,,,,,,,,,
-3.185263,47.363723,0,0,236,24,2023/05/18 18:48:56+02,,,,,,,,,,,,,,,,,,,,,
-3.185488,47.363552,0,0,237,28,2023/05/18 18:48:36+02,,,,,,,,,,,,,,,,,,,,,
-3.185823,47.363487,0,0,238,30,2023/05/18 18:48:19+02,,,,,,,,,,,,,,,,,,,,,
-3.186153,47.363424,0,0,239,31,2023/05/18 18:48:01+02,,,,,,,,,,,,,,,,,,,,,
-3.186486,47.363414,0,0,240,31,2023/05/18 18:47:45+02,,,,,,,,,,,,,,,,,,,,,
-3.186766,47.363291,0,0,241,32,2023/05/18 18:47:24+02,,,,,,,,,,,,,,,,,,,,,
-3.187101,47.363242,0,0,242,31,2023/05/18 18:47:02+02,,,,,,,,,,,,,,,,,,,,,
-3.187416,47.363319,0,0,243,29,2023/05/18 18:46:44+02,,,,,,,,,,,,,,,,,,,,,
-3.187751,47.363372,0,0,244,28,2023/05/18 18:46:18+02,,,,,,,,,,,,,,,,,,,,,
-3.188067,47.363481,0,0,245,24,2023/05/18 18:46:01+02,,,,,,,,,,,,,,,,,,,,,
-3.18836,47.363535,0,0,246,22,2023/05/18 18:45:41+02,,,,,,,,,,,,,,,,,,,,,
-3.188608,47.363704,0,0,247,16,2023/05/18 18:45:17+02,,,,,,,,,,,,,,,,,,,,,
-3.188946,47.363707,0,0,248,14,2023/05/18 18:44:56+02,,,,,,,,,,,,,,,,,,,,,
-3.1891,47.363666,0,0,249,14,,,,,,,,,,,,,,,,,,,,,,
-3.189263,47.36364,0,0,250,13,2023/05/18 18:44:12+02,,,,,,,,,,,,,,,,,,,,,
-3.189608,47.363591,0,0,251,11,2023/05/18 18:43:41+02,,,,,,,,,,,,,,,,,,,,,
-3.189975,47.363231,0,0,252,13,2023/05/18 18:42:54+02,,,,,,,,,,,,,,,,,,,,,
-3.190313,47.363227,0,0,253,12,2023/05/18 18:42:25+02,,,,,,,,,,,,,,,,,,,,,
-3.190603,47.363096,0,0,254,13,2023/05/18 18:42:02+02,,,,,,,,,,,,,,,,,,,,,
-3.19082,47.362922,0,0,255,15,2023/05/18 18:41:48+02,,,,,,,,,,,,,,,,,,,,,
-3.191156,47.362869,0,0,256,15,2023/05/18 18:39:16+02,,,,,,,,,,,,,,,,,,,,,
-3.191401,47.363039,0,0,257,13,2023/05/18 18:38:57+02,,,,,,,,,,,,,,,,,,,,,
-3.191488,47.363265,0,0,258,12,2023/05/18 18:38:34+02,,,,,,,,,,,,,,,,,,,,,
-3.191459,47.363495,0,0,259,14,2023/05/18 18:38:12+02,,,,,,,,,,,,,,,,,,,,,
-3.191323,47.363705,0,0,260,14,2023/05/18 18:37:43+02,,,,,,,,,,,,,,,,,,,,,
-3.19116,47.363904,0,0,261,14,2023/05/18 18:37:23+02,,,,,,,,,,,,,,,,,,,,,
-3.19105,47.364125,0,0,262,14,2023/05/18 18:37:02+02,,,,,,,,,,,,,,,,,,,,,
-3.191017,47.364339,0,0,263,13,2023/05/18 18:36:41+02,,,,,,,,,,,,,,,,,,,,,
-3.190978,47.364499,0,0,264,11,,,,,,,,,,,,,,,,,,,,,,
-3.191132,47.364549,0,0,265,13,,,,,,,,,,,,,,,,,,,,,,
-3.191229,47.364692,0,0,266,13,2023/05/18 18:34:59+02,,,,,,,,,,,,,,,,,,,,,
-3.191475,47.364701,0,0,267,15,,,,,,,,,,,,,,,,,,,,,,
-3.191629,47.36461,0,0,268,18,2023/05/18 18:34:42+02,,,,,,,,,,,,,,,,,,,,,
-3.19179,47.364409,0,0,269,23,2023/05/18 18:34:25+02,,,,,,,,,,,,,,,,,,,,,
-3.192133,47.364412,0,0,270,26,2023/05/18 18:33:05+02,,,,,,,,,,,,,,,,,,,,,
-3.192468,47.364407,0,0,271,30,2023/05/18 18:32:16+02,,,,,,,,,,,,,,,,,,,,,
-3.192799,47.36446,0,0,272,31,2023/05/18 18:31:41+02,,,,,,,,,,,,,,,,,,,,,
-3.19271,47.364567,0,0,273,28,,,,,,,,,,,,,,,,,,,,,,
-3.192738,47.364682,0,0,274,26,2023/05/18 18:31:17+02,,,,,,,,,,,,,,,,,,,,,
-3.192798,47.36491,0,0,275,23,2023/05/18 18:30:50+02,,,,,,,,,,,,,,,,,,,,,
-3.192824,47.365045,0,0,276,21,,,,,,,,,,,,,,,,,,,,,,
-3.192881,47.365135,0,0,277,19,2023/05/18 18:30:23+02,,,,,,,,,,,,,,,,,,,,,
-3.192941,47.36536,0,0,278,14,2023/05/18 18:30:02+02,,,,,,,,,,,,,,,,,,,,,
-3.193297,47.365379,0,0,279,17,2023/05/18 18:29:35+02,,,,,,,,,,,,,,,,,,,,,
-3.193616,47.365352,0,0,280,18,2023/05/18 18:29:02+02,,,,,,,,,,,,,,,,,,,,,
-3.19387,47.365501,0,0,281,14,2023/05/18 18:28:24+02,,,,,,,,,,,,,,,,,,,,,
-3.194199,47.365508,0,0,282,13,2023/05/18 18:27:29+02,,,,,,,,,,,,,,,,,,,,,
-3.194511,47.365522,0,0,283,14,2023/05/18 18:27:05+02,,,,,,,,,,,,,,,,,,,,,
-3.194735,47.365364,0,0,284,16,2023/05/18 18:26:43+02,,,,,,,,,,,,,,,,,,,,,
-3.194942,47.365251,0,0,285,16,,,,,,,,,,,,,,,,,,,,,,
-3.195064,47.36533,0,0,286,16,,,,,,,,,,,,,,,,,,,,,,
-3.195099,47.365449,0,0,287,16,2023/05/18 18:25:28+02,,,,,,,,,,,,,,,,,,,,,
-3.195125,47.365643,0,0,288,16,2023/05/18 18:25:02+02,,,,,,,,,,,,,,,,,,,,,
-3.195032,47.365874,0,0,289,13,2023/05/18 18:24:34+02,,,,,,,,,,,,,,,,,,,,,
-3.195168,47.365945,0,0,290,16,,,,,,,,,,,,,,,,,,,,,,
-3.195229,47.36607,0,0,291,17,2023/05/18 18:23:56+02,,,,,,,,,,,,,,,,,,,,,
-3.195206,47.366325,0,0,292,16,2023/05/18 18:23:41+02,,,,,,,,,,,,,,,,,,,,,
-3.195267,47.366438,0,0,293,17,,,,,,,,,,,,,,,,,,,,,,
-3.195198,47.366559,0,0,294,15,2023/05/18 18:23:19+02,,,,,,,,,,,,,,,,,,,,,
-3.195166,47.366697,0,0,295,14,,,,,,,,,,,,,,,,,,,,,,
-3.195239,47.366802,0,0,296,13,2023/05/18 18:22:59+02,,,,,,,,,,,,,,,,,,,,,
-3.195219,47.366948,0,0,297,11,,,,,,,,,,,,,,,,,,,,,,
-3.195242,47.367049,0,0,298,9,2023/05/18 18:22:18+02,,,,,,,,,,,,,,,,,,,,,
-3.195436,47.366962,0,0,299,14,,,,,,,,,,,,,,,,,,,,,,
-3.195661,47.366926,0,0,300,18,2023/05/18 18:21:56+02,,,,,,,,,,,,,,,,,,,,,
-3.195822,47.366956,0,0,301,20,,,,,,,,,,,,,,,,,,,,,,
-3.195983,47.367016,0,0,302,20,2023/05/18 18:21:34+02,,,,,,,,,,,,,,,,,,,,,
-3.196182,47.367223,0,0,303,16,2023/05/18 18:21:10+02,,,,,,,,,,,,,,,,,,,,,
-3.196372,47.367225,0,0,304,18,,,,,,,,,,,,,,,,,,,,,,
-3.196458,47.367315,0,0,305,17,2023/05/18 18:20:34+02,,,,,,,,,,,,,,,,,,,,,
-3.196753,47.367424,0,0,306,17,2023/05/18 18:20:10+02,,,,,,,,,,,,,,,,,,,,,
-3.197088,47.367405,0,0,307,22,2023/05/18 18:19:51+02,,,,,,,,,,,,,,,,,,,,,
-3.197363,47.367279,0,0,308,28,2023/05/18 18:19:32+02,,,,,,,,,,,,,,,,,,,,,
-3.197693,47.367246,0,0,309,32,2023/05/18 18:19:16+02,,,,,,,,,,,,,,,,,,,,,
-3.198004,47.367166,0,0,310,36,2023/05/18 18:18:40+02,,,,,,,,,,,,,,,,,,,,,
-3.198335,47.367202,0,0,311,39,2023/05/18 18:17:59+02,,,,,,,,,,,,,,,,,,,,,
-3.198418,47.367426,0,0,312,40,2023/05/18 18:17:40+02,,,,,,,,,,,,,,,,,,,,,
-3.198493,47.367652,0,0,313,41,2023/05/18 18:17:17+02,,,,,,,,,,,,,,,,,,,,,
-3.198511,47.367885,0,0,314,42,2023/05/18 18:16:59+02,,,,,,,,,,,,,,,,,,,,,
-3.198425,47.368114,0,0,315,43,2023/05/18 18:16:34+02,,,,,,,,,,,,,,,,,,,,,
-3.19811,47.368189,0,0,316,38,2023/05/18 18:16:15+02,,,,,,,,,,,,,,,,,,,,,
-3.1978,47.368284,0,0,317,31,2023/05/18 18:15:52+02,,,,,,,,,,,,,,,,,,,,,
-3.197613,47.368472,0,0,318,26,2023/05/18 18:15:19+02,,,,,,,,,,,,,,,,,,,,,
-3.197608,47.368604,0,0,319,24,,,,,,,,,,,,,,,,,,,,,,
-3.19745,47.368713,0,0,320,20,2023/05/18 18:14:55+02,,,,,,,,,,,,,,,,,,,,,
-3.197468,47.368923,0,0,321,18,2023/05/18 18:14:30+02,,,,,,,,,,,,,,,,,,,,,
-3.197569,47.369136,0,0,322,18,2023/05/18 18:14:10+02,,,,,,,,,,,,,,,,,,,,,
-3.197584,47.369253,0,0,323,16,,,,,,,,,,,,,,,,,,,,,,
-3.197771,47.369274,0,0,324,18,2023/05/18 18:13:37+02,,,,,,,,,,,,,,,,,,,,,
-3.19795,47.369293,0,0,325,20,,,,,,,,,,,,,,,,,,,,,,
-3.198124,47.369327,0,0,326,22,2023/05/18 18:13:07+02,,,,,,,,,,,,,,,,,,,,,
-3.198428,47.36934,0,0,327,25,2023/05/18 18:12:47+02,,,,,,,,,,,,,,,,,,,,,
-3.198579,47.369331,0,0,328,27,,,,,,,,,,,,,,,,,,,,,,
-3.198766,47.369364,0,0,329,27,2023/05/18 18:12:29+02,,,,,,,,,,,,,,,,,,,,,
-3.19904,47.369507,0,0,330,25,2023/05/18 18:12:14+02,,,,,,,,,,,,,,,,,,,,,
-3.199316,47.369654,0,0,331,23,2023/05/18 18:10:48+02,,,,,,,,,,,,,,,,,,,,,
-3.199475,47.369685,0,0,332,23,,,,,,,,,,,,,,,,,,,,,,
-3.199646,47.36965,0,0,333,25,,,,,,,,,,,,,,,,,,,,,,
-3.199516,47.369767,0,0,334,21,,,,,,,,,,,,,,,,,,,,,,
-3.199533,47.36983,0,0,335,19,2023/05/18 18:09:40+02,,,,,,,,,,,,,,,,,,,,,
-3.199855,47.36976,0,0,336,23,2023/05/18 18:09:21+02,,,,,,,,,,,,,,,,,,,,,
-3.200106,47.369614,0,0,337,29,2023/05/18 18:08:52+02,,,,,,,,,,,,,,,,,,,,,
-3.20017,47.369837,0,0,338,26,2023/05/18 18:08:31+02,,,,,,,,,,,,,,,,,,,,,
-3.200214,47.369949,0,0,339,24,,,,,,,,,,,,,,,,,,,,,,
-3.200159,47.370074,0,0,340,21,2023/05/18 18:08:15+02,,,,,,,,,,,,,,,,,,,,,
-3.200015,47.370282,0,0,341,15,2023/05/18 18:07:56+02,,,,,,,,,,,,,,,,,,,,,
-3.199951,47.370386,0,0,342,13,,,,,,,,,,,,,,,,,,,,,,
-3.199973,47.370454,0,0,343,13,,,,,,,,,,,,,,,,,,,,,,
-3.200069,47.3705,0,0,344,14,2023/05/18 18:07:34+02,,,,,,,,,,,,,,,,,,,,,
-3.200277,47.370668,0,0,345,17,2023/05/18 18:07:07+02,,,,,,,,,,,,,,,,,,,,,
-3.200343,47.370897,0,0,346,16,2023/05/18 18:06:48+02,,,,,,,,,,,,,,,,,,,,,
-3.200432,47.371115,0,0,347,14,2023/05/18 18:06:28+02,,,,,,,,,,,,,,,,,,,,,
-3.200589,47.371315,0,0,348,14,2023/05/18 18:06:04+02,,,,,,,,,,,,,,,,,,,,,
-3.200921,47.371289,0,0,349,20,2023/05/18 18:05:42+02,,,,,,,,,,,,,,,,,,,,,
-3.201263,47.371302,0,0,350,23,2023/05/18 18:05:12+02,,,,,,,,,,,,,,,,,,,,,
-3.201429,47.371354,0,0,351,24,,,,,,,,,,,,,,,,,,,,,,
-3.201478,47.371482,0,0,352,22,2023/05/18 18:04:34+02,,,,,,,,,,,,,,,,,,,,,
-3.201647,47.37166,0,0,353,21,2023/05/18 18:04:07+02,,,,,,,,,,,,,,,,,,,,,
-3.201801,47.371873,0,0,354,16,2023/05/18 18:03:40+02,,,,,,,,,,,,,,,,,,,,,
-3.201912,47.371939,0,0,355,15,,,,,,,,,,,,,,,,,,,,,,
-3.202091,47.371947,0,0,356,15,2023/05/18 18:03:23+02,,,,,,,,,,,,,,,,,,,,,
-3.202433,47.372009,0,0,357,15,2023/05/18 18:03:03+02,,,,,,,,,,,,,,,,,,,,,
-3.202775,47.371962,0,0,358,14,2023/05/18 18:02:47+02,,,,,,,,,,,,,,,,,,,,,
-3.202909,47.371892,0,0,359,15,,,,,,,,,,,,,,,,,,,,,,
-3.203096,47.371881,0,0,360,14,2023/05/18 18:02:31+02,,,,,,,,,,,,,,,,,,,,,
-3.203382,47.37181,0,0,361,14,2023/05/18 18:02:05+02,,,,,,,,,,,,,,,,,,,,,
-3.203415,47.37168,0,0,362,16,,,,,,,,,,,,,,,,,,,,,,
-3.203486,47.371633,0,0,363,16,,,,,,,,,,,,,,,,,,,,,,
-3.203589,47.371616,0,0,364,15,2023/05/18 18:01:32+02,,,,,,,,,,,,,,,,,,,,,
-3.203629,47.3716,0,0,365,14,,,,,,,,,,,,,,,,,,,,,,
-3.203676,47.371631,0,0,366,13,,,,,,,,,,,,,,,,,,,,,,
-3.203775,47.371591,0,0,367,13,,,,,,,,,,,,,,,,,,,,,,
-3.203863,47.371487,0,0,368,13,2023/05/18 18:00:52+02,,,,,,,,,,,,,,,,,,,,,
-3.204018,47.371286,0,0,369,14,2023/05/18 18:00:34+02,,,,,,,,,,,,,,,,,,,,,
-3.204241,47.371115,0,0,370,14,2023/05/18 18:00:17+02,,,,,,,,,,,,,,,,,,,,,
-3.204356,47.370986,0,0,371,17,,,,,,,,,,,,,,,,,,,,,,
-3.204439,47.370911,0,0,372,18,,,,,,,,,,,,,,,,,,,,,,
-3.204544,47.370928,0,0,373,18,,,,,,,,,,,,,,,,,,,,,,
-3.204579,47.371034,0,0,374,17,,,,,,,,,,,,,,,,,,,,,,
-3.204678,47.37112,0,0,375,16,2023/05/18 17:58:38+02,,,,,,,,,,,,,,,,,,,,,
-3.204774,47.371075,0,0,376,17,,,,,,,,,,,,,,,,,,,,,,
-3.204864,47.371117,0,0,377,16,,,,,,,,,,,,,,,,,,,,,,
-3.20505,47.371114,0,0,378,17,2023/05/18 17:57:21+02,,,,,,,,,,,,,,,,,,,,,
-3.205231,47.371065,0,0,379,17,,,,,,,,,,,,,,,,,,,,,,
-3.205288,47.370957,0,0,380,19,2023/05/18 17:56:46+02,,,,,,,,,,,,,,,,,,,,,
-3.205486,47.370774,0,0,381,21,2023/05/18 17:56:30+02,,,,,,,,,,,,,,,,,,,,,
-3.2057,47.370597,0,0,382,23,2023/05/18 17:56:11+02,,,,,,,,,,,,,,,,,,,,,
-3.205857,47.370513,0,0,383,25,,,,,,,,,,,,,,,,,,,,,,
-3.206026,47.370512,0,0,384,26,2023/05/18 17:55:13+02,,,,,,,,,,,,,,,,,,,,,
-3.206026,47.370512,0,0,385,26,2023/05/18 17:54:38+02,,,,,,,,,,,,,,,,,,,,,
-3.206363,47.370522,0,0,386,27,2023/05/18 17:54:25+02,,,,,,,,,,,,,,,,,,,,,
-3.206698,47.370584,0,0,387,27,2023/05/18 17:54:07+02,,,,,,,,,,,,,,,,,,,,,
-3.206874,47.37057,0,0,388,27,,,,,,,,,,,,,,,,,,,,,,
-3.207112,47.370635,0,0,389,27,2023/05/18 17:53:46+02,,,,,,,,,,,,,,,,,,,,,
-3.207163,47.370766,0,0,390,26,,,,,,,,,,,,,,,,,,,,,,
-3.207281,47.37081,0,0,391,26,2023/05/18 17:53:16+02,,,,,,,,,,,,,,,,,,,,,
-3.207672,47.370781,0,0,392,27,2023/05/18 17:52:52+02,,,,,,,,,,,,,,,,,,,,,
-3.207859,47.370877,0,0,393,25,,,,,,,,,,,,,,,,,,,,,,
-3.207946,47.370985,0,0,394,24,2023/05/18 17:52:32+02,,,,,,,,,,,,,,,,,,,,,
-3.207883,47.371207,0,0,395,20,2023/05/18 17:52:10+02,,,,,,,,,,,,,,,,,,,,,
-3.207841,47.371436,0,0,396,16,2023/05/18 17:51:44+02,,,,,,,,,,,,,,,,,,,,,
-3.207817,47.37167,0,0,397,11,2023/05/18 17:51:18+02,,,,,,,,,,,,,,,,,,,,,
-3.207734,47.371792,0,0,398,9,,,,,,,,,,,,,,,,,,,,,,
-3.207705,47.371845,0,0,399,9,,,,,,,,,,,,,,,,,,,,,,
-3.207804,47.37184,0,0,400,10,,,,,,,,,,,,,,,,,,,,,,
-3.207783,47.3719,0,0,401,9,,,,,,,,,,,,,,,,,,,,,,
-3.207928,47.371902,0,0,402,11,2023/05/18 17:50:28+02,,,,,,,,,,,,,,,,,,,,,
-3.208073,47.371825,0,0,403,13,,,,,,,,,,,,,,,,,,,,,,
-3.208101,47.371702,0,0,404,14,2023/05/18 17:50:09+02,,,,,,,,,,,,,,,,,,,,,
-3.208251,47.371641,0,0,405,16,,,,,,,,,,,,,,,,,,,,,,
-3.208447,47.371624,0,0,406,19,2023/05/18 17:49:10+02,,,,,,,,,,,,,,,,,,,,,
-3.208281,47.371867,0,0,407,15,2023/05/18 17:48:55+02,,,,,,,,,,,,,,,,,,,,,
-3.208283,47.372105,0,0,408,13,2023/05/18 17:48:34+02,,,,,,,,,,,,,,,,,,,,,
-3.208168,47.372327,0,0,409,10,2023/05/18 17:48:10+02,,,,,,,,,,,,,,,,,,,,,
-3.208201,47.37248,0,0,410,9,,,,,,,,,,,,,,,,,,,,,,
-3.208377,47.372468,0,0,411,12,,,,,,,,,,,,,,,,,,,,,,
-3.208687,47.372576,0,0,412,16,2023/05/18 17:46:55+02,,,,,,,,,,,,,,,,,,,,,
-3.208981,47.372667,0,0,413,19,2023/05/18 17:46:37+02,,,,,,,,,,,,,,,,,,,,,
-3.209316,47.372693,0,0,414,21,2023/05/18 17:46:15+02,,,,,,,,,,,,,,,,,,,,,
-3.209663,47.372694,0,0,415,23,2023/05/18 17:45:57+02,,,,,,,,,,,,,,,,,,,,,
-3.210005,47.372782,0,0,416,21,2023/05/18 17:45:39+02,,,,,,,,,,,,,,,,,,,,,
-3.21023,47.372952,0,0,417,14,2023/05/18 17:45:22+02,,,,,,,,,,,,,,,,,,,,,
-3.210424,47.373013,0,0,418,12,,,,,,,,,,,,,,,,,,,,,,
-3.210606,47.373117,0,0,419,8,2023/05/18 17:45:05+02,,,,,,,,,,,,,,,,,,,,,
-3.2108,47.373021,0,0,420,11,2023/05/18 17:44:45+02,,,,,,,,,,,,,,,,,,,,,
-3.210994,47.372854,0,0,421,17,2023/05/18 17:44:27+02,,,,,,,,,,,,,,,,,,,,,
-3.21119,47.372657,0,0,422,25,2023/05/18 17:44:10+02,,,,,,,,,,,,,,,,,,,,,
-3.211388,47.37248,0,0,423,31,2023/05/18 17:43:51+02,,,,,,,,,,,,,,,,,,,,,
-3.211523,47.372398,0,0,424,31,,,,,,,,,,,,,,,,,,,,,,
-3.21183,47.37244,0,0,425,32,2023/05/18 17:43:33+02,,,,,,,,,,,,,,,,,,,,,
-3.21206,47.372456,0,0,426,33,,,,,,,,,,,,,,,,,,,,,,
-3.212097,47.372545,0,0,427,31,2023/05/18 17:43:15+02,,,,,,,,,,,,,,,,,,,,,
-3.212265,47.372735,0,0,428,27,2023/05/18 17:42:57+02,,,,,,,,,,,,,,,,,,,,,
-3.212339,47.37282,0,0,429,25,,,,,,,,,,,,,,,,,,,,,,
-3.212488,47.372872,0,0,430,25,2023/05/18 17:42:37+02,,,,,,,,,,,,,,,,,,,,,
-3.212588,47.372977,0,0,431,23,,,,,,,,,,,,,,,,,,,,,,
-3.21257,47.373094,0,0,432,20,2023/05/18 17:42:18+02,,,,,,,,,,,,,,,,,,,,,
-3.212616,47.373256,0,0,433,17,,,,,,,,,,,,,,,,,,,,,,
-3.212855,47.373251,0,0,434,17,2023/05/18 17:41:50+02,,,,,,,,,,,,,,,,,,,,,
-3.213158,47.373157,0,0,435,19,2023/05/18 17:41:29+02,,,,,,,,,,,,,,,,,,,,,
-3.213496,47.373124,0,0,436,20,2023/05/18 17:41:10+02,,,,,,,,,,,,,,,,,,,,,
-3.213799,47.373026,0,0,437,21,2023/05/18 17:40:50+02,,,,,,,,,,,,,,,,,,,,,
-3.214147,47.372972,0,0,438,21,2023/05/18 17:40:24+02,,,,,,,,,,,,,,,,,,,,,
-3.214492,47.373102,0,0,439,17,2023/05/18 17:40:02+02,,,,,,,,,,,,,,,,,,,,,
-3.214638,47.373324,0,0,440,13,2023/05/18 17:39:44+02,,,,,,,,,,,,,,,,,,,,,
-3.214741,47.373362,0,0,441,12,2023/05/18 17:39:13+02,,,,,,,,,,,,,,,,,,,,,
-3.214926,47.373336,0,0,442,12,2023/05/18 17:39:03+02,,,,,,,,,,,,,,,,,,,,,
-3.214995,47.373234,0,0,443,13,2023/05/18 17:26:13+02,,,,,,,,,,,,,,,,,,,,,
-3.215115,47.373141,0,0,444,14,,,,,,,,,,,,,,,,,,,,,,
-3.215285,47.373119,0,0,445,14,2023/05/18 17:25:23+02,,,,,,,,,,,,,,,,,,,,,
-3.215369,47.373015,0,0,446,15,,,,,,,,,,,,,,,,,,,,,,
-3.215521,47.372952,0,0,447,15,2023/05/18 17:24:57+02,,,,,,,,,,,,,,,,,,,,,
-3.2157,47.372964,0,0,448,14,,,,,,,,,,,,,,,,,,,,,,
-3.215806,47.373082,0,0,449,12,2023/05/18 17:24:31+02,,,,,,,,,,,,,,,,,,,,,
-3.215932,47.373,0,0,450,12,,,,,,,,,,,,,,,,,,,,,,
-3.215964,47.372852,0,0,451,13,,,,,,,,,,,,,,,,,,,,,,
-3.216045,47.372689,0,0,452,15,,,,,,,,,,,,,,,,,,,,,,
-3.216206,47.372629,0,0,453,14,2023/05/18 17:23:00+02,,,,,,,,,,,,,,,,,,,,,
-3.216252,47.372692,0,0,454,13,,,,,,,,,,,,,,,,,,,,,,
-3.216316,47.372667,0,0,455,13,2023/05/18 16:56:12+02,,,,,,,,,,,,,,,,,,,,,
-3.216442,47.372494,0,0,456,14,2023/05/18 16:54:55+02,,,,,,,,,,,,,,,,,,,,,
-3.216549,47.372484,0,0,457,14,,,,,,,,,,,,,,,,,,,,,,
-3.216679,47.372363,0,0,458,15,,,,,,,,,,,,,,,,,,,,,,
-3.2168,47.372337,0,0,459,14,2023/05/18 16:54:19+02,,,,,,,,,,,,,,,,,,,,,
-3.216998,47.372167,0,0,460,16,2023/05/18 16:53:57+02,,,,,,,,,,,,,,,,,,,,,
-3.217177,47.372115,0,0,461,15,,,,,,,,,,,,,,,,,,,,,,
-3.21722,47.371992,0,0,462,17,2023/05/18 16:53:39+02,,,,,,,,,,,,,,,,,,,,,
-3.2173,47.371764,0,0,463,20,2023/05/18 16:53:21+02,,,,,,,,,,,,,,,,,,,,,
-3.21732,47.371534,0,0,464,22,2023/05/18 16:53:02+02,,,,,,,,,,,,,,,,,,,,,
-3.217407,47.37131,0,0,465,24,2023/05/18 16:52:42+02,,,,,,,,,,,,,,,,,,,,,
-3.21755,47.37114,0,0,466,24,2023/05/18 16:52:21+02,,,,,,,,,,,,,,,,,,,,,
-3.217745,47.370986,0,0,467,23,2023/05/18 16:52:01+02,,,,,,,,,,,,,,,,,,,,,
-3.217963,47.370812,0,0,468,22,2023/05/18 16:51:42+02,,,,,,,,,,,,,,,,,,,,,
-3.218136,47.370611,0,0,469,23,2023/05/18 16:51:25+02,,,,,,,,,,,,,,,,,,,,,
-3.218234,47.370479,0,0,470,23,,,,,,,,,,,,,,,,,,,,,,
-3.218415,47.370453,0,0,471,21,2023/05/18 16:50:50+02,,,,,,,,,,,,,,,,,,,,,
-3.218591,47.370439,0,0,472,19,,,,,,,,,,,,,,,,,,,,,,
-3.218681,47.370342,0,0,473,19,2023/05/18 16:50:32+02,,,,,,,,,,,,,,,,,,,,,
-3.218673,47.370112,0,0,474,21,2023/05/18 16:50:12+02,,,,,,,,,,,,,,,,,,,,,
-3.218598,47.369882,0,0,475,23,2023/05/18 16:49:53+02,,,,,,,,,,,,,,,,,,,,,
-3.218528,47.369659,0,0,476,25,2023/05/18 16:49:34+02,,,,,,,,,,,,,,,,,,,,,
-3.218603,47.369439,0,0,477,24,2023/05/18 16:49:17+02,,,,,,,,,,,,,,,,,,,,,
-3.218706,47.369219,0,0,478,23,2023/05/18 16:48:57+02,,,,,,,,,,,,,,,,,,,,,
-3.21873,47.368989,0,0,479,22,2023/05/18 16:48:37+02,,,,,,,,,,,,,,,,,,,,,
-3.218643,47.368764,0,0,480,23,2023/05/18 16:48:18+02,,,,,,,,,,,,,,,,,,,,,
-3.218476,47.368566,0,0,481,26,2023/05/18 16:48:01+02,,,,,,,,,,,,,,,,,,,,,
-3.218298,47.368375,0,0,482,28,2023/05/18 16:47:44+02,,,,,,,,,,,,,,,,,,,,,
-3.218229,47.368149,0,0,483,26,2023/05/18 16:47:24+02,,,,,,,,,,,,,,,,,,,,,
-3.218208,47.367909,0,0,484,23,2023/05/18 16:47:07+02,,,,,,,,,,,,,,,,,,,,,
-3.218128,47.367692,0,0,485,22,2023/05/18 16:46:50+02,,,,,,,,,,,,,,,,,,,,,
-3.21804,47.367464,0,0,486,20,2023/05/18 16:46:30+02,,,,,,,,,,,,,,,,,,,,,
-3.21786,47.367274,0,0,487,21,2023/05/18 16:46:09+02,,,,,,,,,,,,,,,,,,,,,
-3.217648,47.367085,0,0,488,21,2023/05/18 16:45:46+02,,,,,,,,,,,,,,,,,,,,,
-3.217515,47.366995,0,0,489,22,,,,,,,,,,,,,,,,,,,,,,
-3.217358,47.366971,0,0,490,22,2023/05/18 16:45:15+02,,,,,,,,,,,,,,,,,,,,,
-3.217296,47.366753,0,0,491,20,2023/05/18 16:44:35+02,,,,,,,,,,,,,,,,,,,,,
-3.217289,47.366529,0,0,492,17,2023/05/18 16:43:59+02,,,,,,,,,,,,,,,,,,,,,
-3.217384,47.366309,0,0,493,13,2023/05/18 16:43:19+02,,,,,,,,,,,,,,,,,,,,,
-3.21761,47.366304,0,0,494,11,,,,,,,,,,,,,,,,,,,,,,
-3.217498,47.366226,0,0,495,11,,,,,,,,,,,,,,,,,,,,,,
-3.217485,47.366094,0,0,496,10,2023/05/18 16:42:49+02,,,,,,,,,,,,,,,,,,,,,
-3.217533,47.36598,0,0,497,8,,,,,,,,,,,,,,,,,,,,,,
-3.217463,47.365873,0,0,498,7,2023/05/18 16:42:24+02,,,,,,,,,,,,,,,,,,,,,
-3.21774,47.365735,0,0,499,7,2023/05/18 16:41:51+02,,,,,,,,,,,,,,,,,,,,,
-3.217759,47.365618,0,0,500,8,,,,,,,,,,,,,,,,,,,,,,
-3.217833,47.365505,0,0,501,9,2023/05/18 16:41:24+02,,,,,,,,,,,,,,,,,,,,,
-3.217899,47.365378,0,0,502,10,,,,,,,,,,,,,,,,,,,,,,
-3.217996,47.365292,0,0,503,9,2023/05/18 16:41:02+02,,,,,,,,,,,,,,,,,,,,,
-3.218016,47.365059,0,0,504,11,2023/05/18 16:40:49+02,,,,,,,,,,,,,,,,,,,,,
-3.218046,47.364824,0,0,505,10,2023/05/18 16:40:33+02,,,,,,,,,,,,,,,,,,,,,
-3.218101,47.364597,0,0,506,9,2023/05/18 16:40:14+02,,,,,,,,,,,,,,,,,,,,,
-3.218088,47.364361,0,0,507,8,2023/05/18 16:39:52+02,,,,,,,,,,,,,,,,,,,,,
-3.218053,47.364132,0,0,508,8,2023/05/18 16:39:26+02,,,,,,,,,,,,,,,,,,,,,
-3.217943,47.363914,0,0,509,8,2023/05/18 16:39:01+02,,,,,,,,,,,,,,,,,,,,,
-3.217833,47.363699,0,0,510,9,2023/05/18 16:38:39+02,,,,,,,,,,,,,,,,,,,,,
-3.217856,47.363472,0,0,511,8,2023/05/18 16:38:15+02,,,,,,,,,,,,,,,,,,,,,
-3.217958,47.36325,0,0,512,7,2023/05/18 16:37:52+02,,,,,,,,,,,,,,,,,,,,,
-3.217991,47.3631,0,0,513,7,,,,,,,,,,,,,,,,,,,,,,
-3.21821,47.363063,0,0,514,5,2023/05/18 16:37:29+02,,,,,,,,,,,,,,,,,,,,,
-3.218556,47.363129,0,0,515,7,2023/05/18 16:37:07+02,,,,,,,,,,,,,,,,,,,,,
-3.218871,47.36321,0,0,516,11,2023/05/18 16:34:31+02,,,,,,,,,,,,,,,,,,,,,
-3.219099,47.363213,0,0,517,14,,,,,,,,,,,,,,,,,,,,,,
-3.219185,47.363267,0,0,518,15,2023/05/18 16:33:55+02,,,,,,,,,,,,,,,,,,,,,
-3.2193,47.363344,0,0,519,16,,,,,,,,,,,,,,,,,,,,,,
-3.219488,47.363359,0,0,520,18,2023/05/18 16:33:10+02,,,,,,,,,,,,,,,,,,,,,
-3.219785,47.363462,0,0,521,21,2023/05/18 16:32:46+02,,,,,,,,,,,,,,,,,,,,,
-3.219911,47.363675,0,0,522,22,2023/05/18 16:32:30+02,,,,,,,,,,,,,,,,,,,,,
-3.219942,47.363796,0,0,523,22,,,,,,,,,,,,,,,,,,,,,,
-3.220059,47.363884,0,0,524,23,2023/05/18 16:32:16+02,,,,,,,,,,,,,,,,,,,,,
-3.220148,47.364119,0,0,525,24,2023/05/18 16:31:58+02,,,,,,,,,,,,,,,,,,,,,
-3.220235,47.364348,0,0,526,24,2023/05/18 16:31:41+02,,,,,,,,,,,,,,,,,,,,,
-3.220345,47.364567,0,0,527,25,2023/05/18 16:31:23+02,,,,,,,,,,,,,,,,,,,,,
-3.220436,47.364764,0,0,528,25,2023/05/18 16:31:03+02,,,,,,,,,,,,,,,,,,,,,
-3.220478,47.364987,0,0,529,25,2023/05/18 16:30:46+02,,,,,,,,,,,,,,,,,,,,,
-3.22043,47.365229,0,0,530,23,2023/05/18 16:30:29+02,,,,,,,,,,,,,,,,,,,,,
-3.220479,47.365455,0,0,531,23,2023/05/18 16:30:06+02,,,,,,,,,,,,,,,,,,,,,
-3.220441,47.365669,0,0,532,21,2023/05/18 16:29:46+02,,,,,,,,,,,,,,,,,,,,,
-3.220476,47.365906,0,0,533,20,2023/05/18 16:29:26+02,,,,,,,,,,,,,,,,,,,,,
-3.220666,47.365883,0,0,534,23,,,,,,,,,,,,,,,,,,,,,,
-3.220801,47.365964,0,0,535,25,2023/05/18 16:29:06+02,,,,,,,,,,,,,,,,,,,,,
-3.221086,47.366118,0,0,536,26,2023/05/18 16:28:48+02,,,,,,,,,,,,,,,,,,,,,
-3.221177,47.366356,0,0,537,26,2023/05/18 16:28:29+02,,,,,,,,,,,,,,,,,,,,,
-3.221164,47.36643,0,0,538,26,,,,,,,,,,,,,,,,,,,,,,
-3.221255,47.366525,0,0,539,26,,,,,,,,,,,,,,,,,,,,,,
-3.221191,47.36664,0,0,540,25,2023/05/18 16:28:05+02,,,,,,,,,,,,,,,,,,,,,
-3.220951,47.366738,0,0,541,21,2023/05/18 16:27:46+02,,,,,,,,,,,,,,,,,,,,,
-3.22097,47.366862,0,0,542,20,,,,,,,,,,,,,,,,,,,,,,
-3.22115,47.366949,0,0,543,22,2023/05/18 16:27:26+02,,,,,,,,,,,,,,,,,,,,,
-3.221286,47.367177,0,0,544,22,2023/05/18 16:27:04+02,,,,,,,,,,,,,,,,,,,,,
-3.221427,47.367411,0,0,545,22,,,,,,,,,,,,,,,,,,,,,,
-3.221586,47.367595,0,0,546,22,2023/05/18 16:26:26+02,,,,,,,,,,,,,,,,,,,,,
-3.221755,47.367713,0,0,547,20,2023/05/18 16:25:57+02,,,,,,,,,,,,,,,,,,,,,
-3.221842,47.367779,0,0,548,19,,,,,,,,,,,,,,,,,,,,,,
-3.221695,47.367895,0,0,549,16,,,,,,,,,,,,,,,,,,,,,,
-3.221886,47.367967,0,0,550,15,2023/05/18 16:24:59+02,,,,,,,,,,,,,,,,,,,,,
-3.221876,47.36809,0,0,551,12,,,,,,,,,,,,,,,,,,,,,,
-3.222161,47.368079,0,0,552,13,2023/05/18 16:23:55+02,,,,,,,,,,,,,,,,,,,,,
-3.22233,47.368284,0,0,553,9,2023/05/18 16:23:36+02,,,,,,,,,,,,,,,,,,,,,
-3.22242,47.368449,0,0,554,10,,,,,,,,,,,,,,,,,,,,,,
-3.222415,47.368614,0,0,555,12,,,,,,,,,,,,,,,,,,,,,,
-3.222263,47.368715,0,0,556,12,2023/05/18 16:22:40+02,,,,,,,,,,,,,,,,,,,,,
-3.22205,47.368904,0,0,557,12,2023/05/18 16:22:24+02,,,,,,,,,,,,,,,,,,,,,
-3.221553,47.369219,0,0,558,10,2023/05/18 16:21:15+02,,,,,,,,,,,,,,,,,,,,,
-3.221265,47.369372,0,0,559,9,2023/05/18 16:20:59+02,,,,,,,,,,,,,,,,,,,,,
-3.221186,47.369475,0,0,560,10,,,,,,,,,,,,,,,,,,,,,,
-3.221231,47.369607,0,0,561,11,2023/05/18 16:20:40+02,,,,,,,,,,,,,,,,,,,,,
-3.221297,47.369858,0,0,562,14,2023/05/18 16:19:49+02,,,,,,,,,,,,,,,,,,,,,
-3.221344,47.370082,0,0,563,16,2023/05/18 16:19:32+02,,,,,,,,,,,,,,,,,,,,,
-3.221315,47.370282,0,0,564,14,2023/05/18 16:19:15+02,,,,,,,,,,,,,,,,,,,,,
-3.221237,47.370551,0,0,565,12,2023/05/18 16:18:58+02,,,,,,,,,,,,,,,,,,,,,
-3.221191,47.370791,0,0,566,11,2023/05/18 16:18:36+02,,,,,,,,,,,,,,,,,,,,,
-3.22125,47.370993,0,0,567,11,2023/05/18 16:17:38+02,,,,,,,,,,,,,,,,,,,,,
-3.221299,47.371217,0,0,568,12,2023/05/18 16:17:23+02,,,,,,,,,,,,,,,,,,,,,
-3.221253,47.371415,0,0,569,13,,,,,,,,,,,,,,,,,,,,,,
-3.221207,47.371468,0,0,570,13,,,,,,,,,,,,,,,,,,,,,,
-3.221093,47.371492,0,0,571,12,2023/05/18 16:16:47+02,,,,,,,,,,,,,,,,,,,,,
-3.220918,47.371489,0,0,572,11,,,,,,,,,,,,,,,,,,,,,,
-3.220793,47.371508,0,0,573,10,,,,,,,,,,,,,,,,,,,,,,
-3.220742,47.371576,0,0,574,10,2023/05/18 16:16:24+02,,,,,,,,,,,,,,,,,,,,,
-3.220616,47.371714,0,0,575,10,,,,,,,,,,,,,,,,,,,,,,
-3.220532,47.37187,0,0,576,12,2023/05/18 16:16:07+02,,,,,,,,,,,,,,,,,,,,,
-3.220375,47.372062,0,0,577,12,2023/05/18 16:14:48+02,,,,,,,,,,,,,,,,,,,,,
-3.220227,47.37223,0,0,578,12,2023/05/18 16:14:26+02,,,,,,,,,,,,,,,,,,,,,
-3.220179,47.372305,0,0,579,13,,,,,,,,,,,,,,,,,,,,,,
-3.220045,47.372325,0,0,580,11,2023/05/18 16:14:09+02,,,,,,,,,,,,,,,,,,,,,
-3.2199,47.372355,0,0,581,11,,,,,,,,,,,,,,,,,,,,,,
-3.21978,47.372472,0,0,582,11,2023/05/18 16:13:50+02,,,,,,,,,,,,,,,,,,,,,
-3.219621,47.372677,0,0,583,10,2023/05/18 16:13:34+02,,,,,,,,,,,,,,,,,,,,,
-3.219523,47.372759,0,0,584,10,,,,,,,,,,,,,,,,,,,,,,
-3.219427,47.372894,0,0,585,10,2023/05/18 16:13:02+02,,,,,,,,,,,,,,,,,,,,,
-3.219223,47.373019,0,0,586,9,2023/05/18 16:12:36+02,,,,,,,,,,,,,,,,,,,,,
-3.21898,47.372968,0,0,587,7,,,,,,,,,,,,,,,,,,,,,,
-3.218842,47.372987,0,0,588,7,2023/05/18 16:10:54+02,,,,,,,,,,,,,,,,,,,,,
-3.218687,47.373112,0,0,589,6,,,,,,,,,,,,,,,,,,,,,,
-3.218643,47.373217,0,0,590,7,2023/05/18 16:10:33+02,,,,,,,,,,,,,,,,,,,,,
-3.218635,47.373445,0,0,591,8,2023/05/18 16:09:12+02,,,,,,,,,,,,,,,,,,,,,
-3.21861,47.373681,0,0,592,9,2023/05/18 16:08:53+02,,,,,,,,,,,,,,,,,,,,,
-3.21855,47.373902,0,0,593,10,2023/05/18 16:08:34+02,,,,,,,,,,,,,,,,,,,,,
-3.218555,47.374134,0,0,594,11,2023/05/18 16:08:17+02,,,,,,,,,,,,,,,,,,,,,
-3.218552,47.374364,0,0,595,10,2023/05/18 16:07:57+02,,,,,,,,,,,,,,,,,,,,,
-3.218595,47.374581,0,0,596,10,2023/05/18 16:07:39+02,,,,,,,,,,,,,,,,,,,,,
-3.218726,47.374568,0,0,597,12,2023/05/18 16:07:11+02,,,,,,,,,,,,,,,,,,,,,
-3.218888,47.374561,0,0,598,14,,,,,,,,,,,,,,,,,,,,,,
-3.218858,47.374667,0,0,599,13,2023/05/18 16:06:23+02,,,,,,,,,,,,,,,,,,,,,
-3.218863,47.374895,0,0,600,13,2023/05/18 16:06:04+02,,,,,,,,,,,,,,,,,,,,,
-3.218924,47.375125,0,0,601,13,2023/05/18 16:05:45+02,,,,,,,,,,,,,,,,,,,,,
-3.219048,47.375342,0,0,602,14,2023/05/18 16:05:25+02,,,,,,,,,,,,,,,,,,,,,
-3.219135,47.375567,0,0,603,14,2023/05/18 16:05:09+02,,,,,,,,,,,,,,,,,,,,,
-3.219227,47.375721,0,0,604,14,,,,,,,,,,,,,,,,,,,,,,
-3.219391,47.375772,0,0,605,15,2023/05/18 16:04:51+02,,,,,,,,,,,,,,,,,,,,,
-3.219698,47.375812,0,0,606,18,2023/05/18 16:04:35+02,,,,,,,,,,,,,,,,,,,,,
-3.219988,47.375934,0,0,607,21,2023/05/18 16:04:16+02,,,,,,,,,,,,,,,,,,,,,
-3.220078,47.376152,0,0,608,23,2023/05/18 16:03:56+02,,,,,,,,,,,,,,,,,,,,,
-3.220078,47.376152,0,0,609,23,2023/05/18 16:03:33+02,,,,,,,,,,,,,,,,,,,,,
-3.219785,47.376259,0,0,610,20,2023/05/18 16:03:12+02,,,,,,,,,,,,,,,,,,,,,
-3.219456,47.376305,0,0,611,17,2023/05/18 16:02:46+02,,,,,,,,,,,,,,,,,,,,,
-3.219171,47.37643,0,0,612,15,2023/05/18 16:02:20+02,,,,,,,,,,,,,,,,,,,,,
-3.218886,47.376565,0,0,613,13,2023/05/18 16:01:57+02,,,,,,,,,,,,,,,,,,,,,
-3.218646,47.376725,0,0,614,12,2023/05/18 16:01:39+02,,,,,,,,,,,,,,,,,,,,,
-3.218532,47.376823,0,0,615,11,,,,,,,,,,,,,,,,,,,,,,
-3.218536,47.376962,0,0,616,12,2023/05/18 16:01:17+02,,,,,,,,,,,,,,,,,,,,,
-3.218591,47.377092,0,0,617,13,,,,,,,,,,,,,,,,,,,,,,
-3.218726,47.37718,0,0,618,15,2023/05/18 16:00:26+02,,,,,,,,,,,,,,,,,,,,,
-3.219116,47.377223,0,0,619,21,2023/05/18 15:59:59+02,,,,,,,,,,,,,,,,,,,,,
-3.219286,47.377271,0,0,620,23,,,,,,,,,,,,,,,,,,,,,,
-3.219241,47.377445,0,0,621,24,2023/05/18 15:59:37+02,,,,,,,,,,,,,,,,,,,,,
-3.21932,47.377674,0,0,622,25,2023/05/18 15:59:19+02,,,,,,,,,,,,,,,,,,,,,
-3.219293,47.377908,0,0,623,25,2023/05/18 15:59:05+02,,,,,,,,,,,,,,,,,,,,,
-3.219218,47.378115,0,0,624,25,2023/05/18 15:58:45+02,,,,,,,,,,,,,,,,,,,,,
-3.219176,47.37835,0,0,625,25,2023/05/18 15:58:28+02,,,,,,,,,,,,,,,,,,,,,
-3.219221,47.378591,0,0,626,21,2023/05/18 15:58:08+02,,,,,,,,,,,,,,,,,,,,,
-3.219509,47.378726,0,0,627,20,2023/05/18 15:57:49+02,,,,,,,,,,,,,,,,,,,,,
-3.219811,47.37889,0,0,628,19,2023/05/18 15:57:34+02,,,,,,,,,,,,,,,,,,,,,
-3.220125,47.378978,0,0,629,18,2023/05/18 15:57:17+02,,,,,,,,,,,,,,,,,,,,,
-3.220289,47.379051,0,0,630,17,,,,,,,,,,,,,,,,,,,,,,
-3.220463,47.378992,0,0,631,18,2023/05/18 15:56:58+02,,,,,,,,,,,,,,,,,,,,,
-3.220773,47.378925,0,0,632,19,2023/05/18 15:56:42+02,,,,,,,,,,,,,,,,,,,,,
-3.221111,47.378879,0,0,633,19,2023/05/18 15:56:27+02,,,,,,,,,,,,,,,,,,,,,
-3.221445,47.378837,0,0,634,18,2023/05/18 15:56:10+02,,,,,,,,,,,,,,,,,,,,,
-3.221758,47.378757,0,0,635,19,2023/05/18 15:55:54+02,,,,,,,,,,,,,,,,,,,,,
-3.222066,47.378641,0,0,636,20,2023/05/18 15:55:36+02,,,,,,,,,,,,,,,,,,,,,
-3.222254,47.378431,0,0,637,25,2023/05/18 15:55:20+02,,,,,,,,,,,,,,,,,,,,,
-3.222427,47.378332,0,0,638,27,,,,,,,,,,,,,,,,,,,,,,
-3.222606,47.378412,0,0,639,23,2023/05/18 15:54:58+02,,,,,,,,,,,,,,,,,,,,,
-3.222772,47.378452,0,0,640,20,,,,,,,,,,,,,,,,,,,,,,
-3.22289,47.378349,0,0,641,20,2023/05/18 15:54:38+02,,,,,,,,,,,,,,,,,,,,,
-3.223069,47.378138,0,0,642,21,2023/05/18 15:54:20+02,,,,,,,,,,,,,,,,,,,,,
-3.223214,47.378047,0,0,643,21,,,,,,,,,,,,,,,,,,,,,,
-3.223359,47.378032,0,0,644,20,2023/05/18 15:54:02+02,,,,,,,,,,,,,,,,,,,,,
-3.223671,47.377942,0,0,645,19,2023/05/18 15:53:43+02,,,,,,,,,,,,,,,,,,,,,
-3.22402,47.37794,0,0,646,17,2023/05/18 15:53:24+02,,,,,,,,,,,,,,,,,,,,,
-3.224351,47.377907,0,0,647,15,2023/05/18 15:53:08+02,,,,,,,,,,,,,,,,,,,,,
-3.224545,47.377851,0,0,648,14,,,,,,,,,,,,,,,,,,,,,,
-3.22469,47.377907,0,0,649,11,2023/05/18 15:52:38+02,,,,,,,,,,,,,,,,,,,,,
-3.224858,47.377828,0,0,650,11,,,,,,,,,,,,,,,,,,,,,,
-3.224983,47.377799,0,0,651,10,2023/05/18 15:52:00+02,,,,,,,,,,,,,,,,,,,,,
-3.225068,47.377579,0,0,652,14,2023/05/18 15:51:42+02,,,,,,,,,,,,,,,,,,,,,
-3.225179,47.377355,0,0,653,16,2023/05/18 15:50:25+02,,,,,,,,,,,,,,,,,,,,,
-3.225356,47.377133,0,0,654,15,2023/05/18 15:50:03+02,,,,,,,,,,,,,,,,,,,,,
-3.225489,47.376967,0,0,655,15,,,,,,,,,,,,,,,,,,,,,,
-3.22554,47.376956,0,0,656,15,,,,,,,,,,,,,,,,,,,,,,
-3.225539,47.37704,0,0,657,14,2023/05/18 15:49:34+02,,,,,,,,,,,,,,,,,,,,,
-3.225805,47.377078,0,0,658,12,,,,,,,,,,,,,,,,,,,,,,
-3.226015,47.37732,0,0,659,13,2023/05/18 15:48:19+02,,,,,,,,,,,,,,,,,,,,,
-3.22598,47.377554,0,0,660,12,2023/05/18 15:48:02+02,,,,,,,,,,,,,,,,,,,,,
-3.225913,47.377789,0,0,661,9,2023/05/18 15:47:20+02,,,,,,,,,,,,,,,,,,,,,
-3.225958,47.378016,0,0,662,7,2023/05/18 15:47:02+02,,,,,,,,,,,,,,,,,,,,,
-3.226236,47.378154,0,0,663,8,2023/05/18 15:46:37+02,,,,,,,,,,,,,,,,,,,,,
-3.226415,47.377964,0,0,664,12,2023/05/18 15:45:35+02,,,,,,,,,,,,,,,,,,,,,
-3.226729,47.377877,0,0,665,16,2023/05/18 15:45:06+02,,,,,,,,,,,,,,,,,,,,,
-3.22689,47.377906,0,0,666,17,,,,,,,,,,,,,,,,,,,,,,
-3.22703,47.378058,0,0,667,15,2023/05/18 15:44:44+02,,,,,,,,,,,,,,,,,,,,,
-3.227204,47.378052,0,0,668,16,,,,,,,,,,,,,,,,,,,,,,
-3.227347,47.37815,0,0,669,16,2023/05/18 15:44:24+02,,,,,,,,,,,,,,,,,,,,,
-3.227654,47.378151,0,0,670,18,2023/05/18 15:44:03+02,,,,,,,,,,,,,,,,,,,,,
-3.227828,47.378123,0,0,671,19,,,,,,,,,,,,,,,,,,,,,,
-3.227996,47.378182,0,0,672,20,2023/05/18 15:43:23+02,,,,,,,,,,,,,,,,,,,,,
-3.228271,47.378324,0,0,673,20,2023/05/18 15:42:58+02,,,,,,,,,,,,,,,,,,,,,
-3.228566,47.378429,0,0,674,20,2023/05/18 15:42:39+02,,,,,,,,,,,,,,,,,,,,,
-3.22883,47.378584,0,0,675,18,2023/05/18 15:42:21+02,,,,,,,,,,,,,,,,,,,,,
-3.229101,47.378741,0,0,676,15,2023/05/18 15:42:01+02,,,,,,,,,,,,,,,,,,,,,
-3.229172,47.378793,0,0,677,14,,,,,,,,,,,,,,,,,,,,,,
-3.22917,47.378886,0,0,678,12,,,,,,,,,,,,,,,,,,,,,,
-3.229614,47.378831,0,0,679,12,2023/05/18 15:41:14+02,,,,,,,,,,,,,,,,,,,,,
-3.229864,47.378714,0,0,680,15,2023/05/18 15:40:57+02,,,,,,,,,,,,,,,,,,,,,
-3.230033,47.378598,0,0,681,18,2023/05/18 15:40:37+02,,,,,,,,,,,,,,,,,,,,,
-3.230307,47.378454,0,0,682,22,2023/05/18 15:40:20+02,,,,,,,,,,,,,,,,,,,,,
-3.230594,47.378297,0,0,683,24,2023/05/18 15:40:05+02,,,,,,,,,,,,,,,,,,,,,
-3.231227,47.378335,0,0,684,25,2023/05/18 15:39:32+02,,,,,,,,,,,,,,,,,,,,,
-3.231505,47.378466,0,0,685,23,2023/05/18 15:39:13+02,,,,,,,,,,,,,,,,,,,,,
-3.23163,47.378682,0,0,686,18,2023/05/18 15:38:51+02,,,,,,,,,,,,,,,,,,,,,
-3.23182,47.37887,0,0,687,13,2023/05/18 15:38:27+02,,,,,,,,,,,,,,,,,,,,,
-3.23197,47.37887,0,0,688,13,,,,,,,,,,,,,,,,,,,,,,
-3.232145,47.37897,0,0,689,11,2023/05/18 15:37:56+02,,,,,,,,,,,,,,,,,,,,,
-3.232466,47.378957,0,0,690,12,2023/05/18 15:37:32+02,,,,,,,,,,,,,,,,,,,,,
-3.23269,47.378834,0,0,691,14,2023/05/18 15:37:10+02,,,,,,,,,,,,,,,,,,,,,
-3.232841,47.378606,0,0,692,19,2023/05/18 15:36:19+02,,,,,,,,,,,,,,,,,,,,,
-3.233223,47.378649,0,0,693,18,2023/05/18 15:36:01+02,,,,,,,,,,,,,,,,,,,,,
-3.23354,47.378579,0,0,694,19,2023/05/18 15:35:37+02,,,,,,,,,,,,,,,,,,,,,
-3.233735,47.378577,0,0,695,18,,,,,,,,,,,,,,,,,,,,,,
-3.233826,47.3787,0,0,696,15,2023/05/18 15:35:07+02,,,,,,,,,,,,,,,,,,,,,
-3.233794,47.378932,0,0,697,9,2023/05/18 15:34:48+02,,,,,,,,,,,,,,,,,,,,,
-3.234078,47.379055,0,0,698,4,2023/05/18 15:34:21+02,,,,,,,,,,,,,,,,,,,,,
-3.234368,47.379186,0,0,699,0,2023/05/18 15:34:00+02,,,,,,,,,,,,,,,,,,,,,
-3.234465,47.379038,0,0,700,4,,,,,,,,,,,,,,,,,,,,,,
-3.234657,47.379019,0,0,701,4,2023/05/18 15:32:52+02,,,,,,,,,,,,,,,,,,,,,
-3.234949,47.379114,0,0,702,1,2023/05/18 15:32:31+02,,,,,,,,,,,,,,,,,,,,,
-3.235106,47.379127,0,0,703,2,,,,,,,,,,,,,,,,,,,,,,
-3.235231,47.378989,0,0,704,5,2023/05/18 15:32:01+02,,,,,,,,,,,,,,,,,,,,,
-3.235369,47.378793,0,0,705,9,2023/05/18 15:31:40+02,,,,,,,,,,,,,,,,,,,,,
-3.235539,47.378608,0,0,706,11,2023/05/18 15:31:21+02,,,,,,,,,,,,,,,,,,,,,
-3.235751,47.37841,0,0,707,11,2023/05/18 15:31:04+02,,,,,,,,,,,,,,,,,,,,,
-3.235853,47.378248,0,0,708,12,,,,,,,,,,,,,,,,,,,,,,
-3.235919,47.378213,0,0,709,13,,,,,,,,,,,,,,,,,,,,,,
-3.235973,47.378241,0,0,710,13,2023/05/18 15:30:45+02,,,,,,,,,,,,,,,,,,,,,
-3.236291,47.378309,0,0,711,15,2023/05/18 15:30:21+02,,,,,,,,,,,,,,,,,,,,,
-3.236327,47.37844,0,0,712,14,,,,,,,,,,,,,,,,,,,,,,
-3.236355,47.378505,0,0,713,14,,,,,,,,,,,,,,,,,,,,,,
-3.23653,47.3785,0,0,714,15,2023/05/18 15:29:55+02,,,,,,,,,,,,,,,,,,,,,
-3.236608,47.378724,0,0,715,13,2023/05/18 15:29:24+02,,,,,,,,,,,,,,,,,,,,,
-3.236705,47.378839,0,0,716,13,,,,,,,,,,,,,,,,,,,,,,
-3.23685,47.378842,0,0,717,14,2023/05/18 15:29:08+02,,,,,,,,,,,,,,,,,,,,,
-3.237099,47.378828,0,0,718,15,2023/05/18 15:28:50+02,,,,,,,,,,,,,,,,,,,,,
-3.237368,47.378916,0,0,719,15,2023/05/18 15:28:24+02,,,,,,,,,,,,,,,,,,,,,
-3.237618,47.379067,0,0,720,13,2023/05/18 15:28:01+02,,,,,,,,,,,,,,,,,,,,,
-3.237818,47.379192,0,0,721,11,,,,,,,,,,,,,,,,,,,,,,
-3.237796,47.379266,0,0,722,11,2023/05/18 15:27:35+02,,,,,,,,,,,,,,,,,,,,,
-3.237731,47.379489,0,0,723,11,2023/05/18 15:26:44+02,,,,,,,,,,,,,,,,,,,,,
-3.237652,47.379718,0,0,724,11,2023/05/18 15:26:28+02,,,,,,,,,,,,,,,,,,,,,
-3.237385,47.379751,0,0,725,10,,,,,,,,,,,,,,,,,,,,,,
-3.237258,47.37988,0,0,726,10,,,,,,,,,,,,,,,,,,,,,,
-3.237051,47.380022,0,0,727,9,2023/05/18 15:25:32+02,,,,,,,,,,,,,,,,,,,,,
-3.237032,47.380223,0,0,728,10,2023/05/18 15:24:54+02,,,,,,,,,,,,,,,,,,,,,
-3.237168,47.380447,0,0,729,12,2023/05/18 15:24:38+02,,,,,,,,,,,,,,,,,,,,,
-3.23718,47.38068,0,0,730,13,2023/05/18 15:24:14+02,,,,,,,,,,,,,,,,,,,,,
-3.237113,47.380909,0,0,731,13,2023/05/18 15:23:57+02,,,,,,,,,,,,,,,,,,,,,
-3.236921,47.3811,0,0,732,11,2023/05/18 15:23:35+02,,,,,,,,,,,,,,,,,,,,,
-3.237049,47.381327,0,0,733,12,2023/05/18 15:23:17+02,,,,,,,,,,,,,,,,,,,,,
-3.237138,47.381524,0,0,734,12,2023/05/18 15:23:01+02,,,,,,,,,,,,,,,,,,,,,
-3.23724,47.381622,0,0,735,13,,,,,,,,,,,,,,,,,,,,,,
-3.237374,47.381661,0,0,736,15,,,,,,,,,,,,,,,,,,,,,,
-3.237683,47.381786,0,0,737,15,2023/05/18 15:22:24+02,,,,,,,,,,,,,,,,,,,,,
-3.237916,47.381949,0,0,738,13,2023/05/18 15:21:37+02,,,,,,,,,,,,,,,,,,,,,
-3.23808,47.382049,0,0,739,11,,,,,,,,,,,,,,,,,,,,,,
-3.238195,47.382052,0,0,740,11,,,,,,,,,,,,,,,,,,,,,,
-3.238243,47.382002,0,0,741,13,2023/05/18 15:21:10+02,,,,,,,,,,,,,,,,,,,,,
-3.238576,47.382032,0,0,742,12,2023/05/18 15:20:37+02,,,,,,,,,,,,,,,,,,,,,
-3.238823,47.382187,0,0,743,8,2023/05/18 15:20:20+02,,,,,,,,,,,,,,,,,,,,,
-3.238838,47.382309,0,0,744,5,,,,,,,,,,,,,,,,,,,,,,
-3.239123,47.382269,0,0,745,6,2023/05/18 15:19:42+02,,,,,,,,,,,,,,,,,,,,,
-3.239455,47.382312,0,0,746,10,2023/05/18 15:19:26+02,,,,,,,,,,,,,,,,,,,,,
-3.239698,47.382459,0,0,747,13,2023/05/18 15:18:55+02,,,,,,,,,,,,,,,,,,,,,
-3.239988,47.382452,0,0,748,19,2023/05/18 15:18:38+02,,,,,,,,,,,,,,,,,,,,,
-3.240303,47.382524,0,0,749,20,2023/05/18 15:18:20+02,,,,,,,,,,,,,,,,,,,,,
-3.240638,47.382561,0,0,750,21,2023/05/18 15:18:00+02,,,,,,,,,,,,,,,,,,,,,
-3.24098,47.382669,0,0,751,19,2023/05/18 15:17:40+02,,,,,,,,,,,,,,,,,,,,,
-3.241062,47.382727,0,0,752,18,,,,,,,,,,,,,,,,,,,,,,
-3.241026,47.382847,0,0,753,15,2023/05/18 15:17:10+02,,,,,,,,,,,,,,,,,,,,,
-3.241213,47.38285,0,0,754,15,,,,,,,,,,,,,,,,,,,,,,
-3.241214,47.382904,0,0,755,14,,,,,,,,,,,,,,,,,,,,,,
-3.241338,47.382906,0,0,756,15,,,,,,,,,,,,,,,,,,,,,,
-3.241295,47.382957,0,0,757,13,,,,,,,,,,,,,,,,,,,,,,
-3.241412,47.382977,0,0,758,13,2023/05/18 15:16:30+02,,,,,,,,,,,,,,,,,,,,,
-3.241726,47.382925,0,0,759,16,2023/05/18 15:16:10+02,,,,,,,,,,,,,,,,,,,,,
-3.241897,47.382978,0,0,760,16,,,,,,,,,,,,,,,,,,,,,,
-3.241908,47.383114,0,0,761,14,2023/05/18 15:15:51+02,,,,,,,,,,,,,,,,,,,,,
-3.241982,47.383295,0,0,762,12,,,,,,,,,,,,,,,,,,,,,,
-3.24214,47.383284,0,0,763,13,,,,,,,,,,,,,,,,,,,,,,
-3.242246,47.383328,0,0,764,14,,,,,,,,,,,,,,,,,,,,,,
-3.242353,47.383391,0,0,765,15,2023/05/18 15:14:36+02,,,,,,,,,,,,,,,,,,,,,
-3.242502,47.383557,0,0,766,16,2023/05/18 15:14:17+02,,,,,,,,,,,,,,,,,,,,,
-3.24262,47.38375,0,0,767,17,2023/05/18 15:13:59+02,,,,,,,,,,,,,,,,,,,,,
-3.242476,47.383957,0,0,768,16,2023/05/18 15:13:17+02,,,,,,,,,,,,,,,,,,,,,
-3.24241,47.384054,0,0,769,15,,,,,,,,,,,,,,,,,,,,,,
-3.242443,47.384184,0,0,770,15,2023/05/18 15:12:58+02,,,,,,,,,,,,,,,,,,,,,
-3.242451,47.384414,0,0,771,15,2023/05/18 15:12:39+02,,,,,,,,,,,,,,,,,,,,,
-3.242455,47.384649,0,0,772,14,2023/05/18 15:12:19+02,,,,,,,,,,,,,,,,,,,,,
-3.242431,47.384879,0,0,773,13,2023/05/18 15:11:59+02,,,,,,,,,,,,,,,,,,,,,
-3.242491,47.385111,0,0,774,12,2023/05/18 15:11:42+02,,,,,,,,,,,,,,,,,,,,,
-3.242588,47.38533,0,0,775,11,2023/05/18 15:11:23+02,,,,,,,,,,,,,,,,,,,,,
-3.242694,47.385436,0,0,776,11,,,,,,,,,,,,,,,,,,,,,,
-3.24285,47.385471,0,0,777,12,2023/05/18 15:11:02+02,,,,,,,,,,,,,,,,,,,,,
-3.243184,47.385459,0,0,778,16,2023/05/18 15:10:44+02,,,,,,,,,,,,,,,,,,,,,
-3.243398,47.385644,0,0,779,15,2023/05/18 15:10:26+02,,,,,,,,,,,,,,,,,,,,,
-3.243603,47.385834,0,0,780,15,2023/05/18 15:10:07+02,,,,,,,,,,,,,,,,,,,,,
-3.243635,47.38606,0,0,781,12,2023/05/18 15:09:51+02,,,,,,,,,,,,,,,,,,,,,
-3.243876,47.386217,0,0,782,11,2023/05/18 15:09:35+02,,,,,,,,,,,,,,,,,,,,,
-3.243945,47.386433,0,0,783,9,2023/05/18 15:08:12+02,,,,,,,,,,,,,,,,,,,,,
-3.244098,47.386531,0,0,784,8,,,,,,,,,,,,,,,,,,,,,,
-3.244226,47.386479,0,0,785,9,2023/05/18 15:07:34+02,,,,,,,,,,,,,,,,,,,,,
-3.24451,47.386339,0,0,786,11,2023/05/18 15:07:12+02,,,,,,,,,,,,,,,,,,,,,
-3.244673,47.386101,0,0,787,14,2023/05/18 15:06:55+02,,,,,,,,,,,,,,,,,,,,,
-3.244765,47.385932,0,0,788,15,2023/05/18 15:06:06+02,,,,,,,,,,,,,,,,,,,,,
-3.244928,47.385969,0,0,789,14,2023/05/18 15:05:40+02,,,,,,,,,,,,,,,,,,,,,
-3.244979,47.386127,0,0,790,14,,,,,,,,,,,,,,,,,,,,,,
-3.245015,47.386275,0,0,791,13,2023/05/18 15:05:19+02,,,,,,,,,,,,,,,,,,,,,
-3.245108,47.386441,0,0,792,13,2023/05/18 15:04:49+02,,,,,,,,,,,,,,,,,,,,,
-3.245199,47.386624,0,0,793,14,2023/05/18 15:04:34+02,,,,,,,,,,,,,,,,,,,,,
-3.245431,47.386555,0,0,794,17,2023/05/18 15:03:59+02,,,,,,,,,,,,,,,,,,,,,
-3.245764,47.38655,0,0,795,21,2023/05/18 15:03:38+02,,,,,,,,,,,,,,,,,,,,,
-3.246005,47.386778,0,0,796,19,2023/05/18 15:03:17+02,,,,,,,,,,,,,,,,,,,,,
-3.246132,47.3869,0,0,797,16,,,,,,,,,,,,,,,,,,,,,,
-3.246043,47.387014,0,0,798,13,2023/05/18 15:02:58+02,,,,,,,,,,,,,,,,,,,,,
-3.245971,47.387244,0,0,799,7,2023/05/18 15:02:36+02,,,,,,,,,,,,,,,,,,,,,
-3.246243,47.387382,0,0,800,3,2023/05/18 15:02:17+02,,,,,,,,,,,,,,,,,,,,,
-3.246571,47.387422,0,0,801,2,2023/05/18 15:02:00+02,,,,,,,,,,,,,,,,,,,,,
-3.246905,47.387461,0,0,802,2,2023/05/18 15:01:38+02,,,,,,,,,,,,,,,,,,,,,
-3.24711,47.387461,0,0,803,3,,,,,,,,,,,,,,,,,,,,,,
-3.247203,47.38739,0,0,804,5,2023/05/18 15:00:37+02,,,,,,,,,,,,,,,,,,,,,
-3.247283,47.38717,0,0,805,10,2023/05/18 15:00:21+02,,,,,,,,,,,,,,,,,,,,,
-3.247485,47.386982,0,0,806,15,2023/05/18 15:00:04+02,,,,,,,,,,,,,,,,,,,,,
-3.247681,47.386791,0,0,807,17,2023/05/18 14:59:34+02,,,,,,,,,,,,,,,,,,,,,
-3.248001,47.386729,0,0,808,15,2023/05/18 14:59:17+02,,,,,,,,,,,,,,,,,,,,,
-3.248428,47.386834,0,0,809,10,2023/05/18 14:58:57+02,,,,,,,,,,,,,,,,,,,,,
